filename,pef
60.m4a,60
71.m4a,71
72.m4a,72
74.m4a,74
81.m4a,81
85.m4a,85
87.m4a,87
89.m4a,89
93.m4a,93
95.m4a,95
96.m4a,96
97.m4a,97
98.m4a,98
100.m4a,100
103.m4a,103
109.m4a,109
113.m4a,113
117.m4a,117
124.m4a,124
129.m4a,129
135.m4a,135
137.m4a,137
140.m4a,140
141.m4a,141
145.m4a,145
147.m4a,147
148.m4a,148
164.m4a,164
169-1.m4a,169
169.m4a,169
173.m4a,173
174.m4a,174
178.m4a,178
179.m4a,179
180.m4a,180
181.m4a,181
183.m4a,183
184.m4a,184
185.m4a,185
190.m4a,190
195.m4a,195
196.m4a,196
197.m4a,197
198.m4a,198
200-1.m4a,200
200.m4a,200
208.m4a,208
209.m4a,209
211.m4a,211
229.m4a,229
231.m4a,231
238.m4a,238
240.m4a,240
247.m4a,247
251.m4a,251
255.m4a,255
258.m4a,258
265.m4a,265
267.m4a,267
268.m4a,268
269.m4a,269
280.m4a,280
287.m4a,287
290.m4a,290
295.m4a,295
300.m4a,300
305.m4a,305
313.m4a,313
320.m4a,320
327.m4a,327
332-1.m4a,332
332.m4a,332
333.m4a,333
340.m4a,340
341.m4a,341
349.m4a,349
352.m4a,352
355-1.m4a,355
355.m4a,355
359-1.m4a,359
359.m4a,359
360-1.m4a,360
360.m4a,360
361-1.m4a,361
361.m4a,361
364.m4a,364
365.m4a,365
370.m4a,370
372.m4a,372
375.m4a,375
381-1.m4a,381
381.m4a,381
384.m4a,384
388.m4a,388
398.m4a,398
400.m4a,400
403.m4a,403
407.m4a,407
418.m4a,418
420.m4a,420